team,team_country,players_used,avg_age,possession,games,games_starts,minutes,minutes_90s,goals,assists,goals_assists,goals_pens,pens_made,pens_att,cards_yellow,cards_red,goals_per90,assists_per90,goals_assists_per90,goals_pens_per90,goals_assists_pens_per90,players_used_against,avg_age_against,possession_against,games_against,games_starts_against,minutes_against,minutes_90s_against,goals_against,assists_against,goals_assists_against,goals_pens_against,pens_made_against,pens_att_against,cards_yellow_against,cards_red_against,goals_per90_against,assists_per90_against,goals_assists_per90_against,goals_pens_per90_against,goals_assists_pens_per90_against,shots,shots_on_target,shots_on_target_pct,shots_per90,shots_on_target_per90,goals_per_shot,goals_per_shot_on_target,shots_against,shots_on_target_against,shots_on_target_pct_against,shots_per90_against,shots_on_target_per90_against,goals_per_shot_against,goals_per_shot_on_target_against,minutes_per_game,minutes_pct,minutes_per_start,games_complete,games_subs,minutes_per_sub,unused_subs,points_per_game,on_goals_for,on_goals_against,plus_minus,plus_minus_per90,minutes_per_game_against,minutes_pct_against,minutes_per_start_against,games_complete_against,games_subs_against,minutes_per_sub_against,unused_subs_against,points_per_game_against,on_goals_for_against,on_goals_against_against,plus_minus_against,plus_minus_per90_against,cards_yellow_red,fouls,fouled,offsides,crosses,interceptions,tackles_won,pens_won,pens_conceded,own_goals,cards_yellow_red_against,fouls_against,fouled_against,offsides_against,crosses_against,interceptions_against,tackles_won_against,pens_won_against,pens_conceded_against,own_goals_against,gk_games,gk_games_starts,gk_minutes,gk_goals_against,gk_goals_against_per90,gk_shots_on_target_against,gk_saves,gk_save_pct,gk_wins,gk_ties,gk_losses,gk_clean_sheets,gk_clean_sheets_pct,gk_pens_att,gk_pens_allowed,gk_pens_saved,gk_pens_missed,gk_pens_save_pct,gk_games_against,gk_games_starts_against,gk_minutes_against,gk_goals_against_against,gk_goals_against_per90_against,gk_shots_on_target_against_against,gk_saves_against,gk_save_pct_against,gk_wins_against,gk_ties_against,gk_losses_against,gk_clean_sheets_against,gk_clean_sheets_pct_against,gk_pens_att_against,gk_pens_allowed_against,gk_pens_saved_against,gk_pens_missed_against,gk_pens_save_pct_against
Algeria,Algeria,22,27.7,63.0,3,33,270,3.0,5,3,8,5,0,0,1,0,1.67,1.0,2.67,1.67,2.67,22,29.5,37.0,3,33,270,3.0,7,6,13,7,0,0,2,0,2.33,2.0,4.33,2.33,4.33,36,13,36.1,12.0,4.33,0.14,0.38,28,13,46.4,9.33,4.33,0.25,0.54,90,100,82,19,14,20,29,1.33,5,7,-2,-0.67,90,100,82,18,15,22,30,1.33,7,5,2,0.67,0,17,30,2,34,21,34,,,0,0,31,15,7,23,24,37,,,0,3,3,270,7,2.33,13,6,46.2,1,1,1,0,0.0,0,0,0,0,,3,3,270,5,1.67,13,8,61.5,1,1,1,1,33.3,0,0,0,0,
Argentina,Argentina,24,29.7,58.3,3,33,270,3.0,8,3,11,7,1,2,2,0,2.67,1.0,3.67,2.33,3.33,24,28.2,41.7,3,33,270,3.0,1,1,2,1,0,0,5,0,0.33,0.33,0.67,0.33,0.67,34,15,44.1,11.33,5.0,0.21,0.47,18,2,11.1,6.0,0.67,0.06,0.5,90,100,79,18,15,24,30,3.0,8,1,7,2.33,90,100,79,18,15,20,30,0.0,1,8,-7,-2.33,0,33,31,8,14,32,33,,,0,0,34,32,2,31,36,27,,,0,3,3,270,1,0.33,2,1,50.0,3,0,0,2,66.7,0,0,0,0,,3,3,270,8,2.67,14,6,42.9,0,0,3,0,0.0,2,1,0,1,0.0
Australia,Australia,20,25.6,40.7,3,33,270,3.0,2,1,3,2,0,0,5,0,0.67,0.33,1.0,0.67,1.0,20,27.5,59.3,3,33,270,3.0,1,0,1,1,0,0,5,0,0.33,0.0,0.33,0.33,0.33,26,11,42.3,8.67,3.67,0.08,0.18,47,12,25.5,15.67,4.0,0.02,0.08,90,100,81,20,13,23,30,1.33,2,2,0,0.0,90,100,81,18,15,15,28,1.33,2,2,0,0.0,0,34,24,1,46,20,27,,,1,0,25,33,4,47,33,32,,,0,3,3,270,2,0.67,13,11,84.6,1,1,1,2,66.7,0,0,0,0,,3,3,270,2,0.67,11,9,81.8,1,1,1,2,66.7,0,0,0,0,
Austria,Austria,20,29.3,48.0,3,33,270,3.0,5,4,9,4,1,1,4,0,1.67,1.33,3.0,1.33,2.67,20,28.9,52.0,3,33,270,3.0,6,4,10,6,0,1,2,0,2.0,1.33,3.33,2.0,3.33,27,8,29.6,9.0,2.67,0.15,0.5,35,14,40.0,11.67,4.67,0.17,0.43,90,100,78,18,15,27,30,1.33,6,6,0,0.0,90,100,78,19,14,15,30,1.33,6,6,0,0.0,0,32,21,6,46,34,21,,,0,0,23,27,4,24,23,24,,,1,3,3,270,6,2.0,13,7,53.8,1,1,1,0,0.0,1,0,0,1,,3,3,270,6,2.0,8,2,25.0,1,1,1,1,33.3,1,1,0,0,0.0
Belgium,Belgium,20,29.8,57.8,4,44,390,4.3,8,5,13,7,1,1,4,1,1.85,1.15,3.0,1.62,2.77,20,29.5,42.3,4,44,390,4.3,4,2,6,4,0,0,6,0,0.92,0.46,1.38,0.92,1.38,92,25,27.2,21.23,5.77,0.08,0.28,46,13,28.3,10.62,3.0,0.09,0.31,98,100,83,22,21,30,33,2.0,9,4,5,1.15,98,100,83,23,21,27,38,0.5,4,9,-5,-1.15,0,51,45,6,90,31,30,,,0,0,46,45,8,60,42,37,,,1,4,4,390,4,0.92,13,9,69.2,2,2,0,1,25.0,0,0,0,0,,4,4,390,9,2.08,27,18,66.7,0,2,2,1,25.0,1,1,0,0,0.0
Bosnia–Herz,Bosnia and Herzegovina,23,27.0,46.0,4,44,360,4.0,4,3,7,4,0,0,7,1,1.0,0.75,1.75,1.0,1.75,23,29.2,54.0,4,44,360,4.0,8,4,12,7,1,1,4,1,2.0,1.0,3.0,1.75,2.75,37,14,37.8,9.25,3.5,0.11,0.29,43,16,37.2,10.75,4.0,0.16,0.44,90,100,79,23,20,24,39,1.0,5,8,-3,-0.75,90,100,79,25,18,17,37,1.75,8,5,3,0.75,0,60,38,2,57,34,37,,,0,0,38,58,10,77,20,42,,,1,4,4,360,8,2.0,14,6,42.9,1,1,2,0,0.0,1,1,0,0,0.0,4,4,360,5,1.25,15,10,66.7,2,1,1,1,25.0,0,0,0,0,
Brazil,Brazil,22,29.6,57.8,4,44,360,4.0,9,8,17,9,0,0,7,0,2.25,2.0,4.25,2.25,4.25,22,28.1,42.3,4,44,360,4.0,2,1,3,2,0,0,7,0,0.5,0.25,0.75,0.5,0.75,60,26,43.3,15.0,6.5,0.15,0.35,40,13,32.5,10.0,3.25,0.05,0.15,90,100,80,25,19,23,37,2.5,9,2,7,1.75,90,100,80,24,20,18,40,0.25,2,9,-7,-1.75,0,44,47,10,77,37,37,,,0,0,51,43,5,59,20,39,,,0,4,4,360,2,0.5,13,11,84.6,3,1,0,2,50.0,0,0,0,0,,4,4,360,9,2.25,24,15,62.5,0,1,3,0,0.0,0,0,0,0,
Cabo Verde,Cape Verde,21,31.3,37.3,3,33,270,3.0,2,0,2,2,0,0,4,0,0.67,0.0,0.67,0.67,0.67,21,28.5,62.7,3,33,270,3.0,2,1,3,2,0,0,6,0,0.67,0.33,1.0,0.67,1.0,33,7,21.2,11.0,2.33,0.06,0.29,51,12,23.5,17.0,4.0,0.04,0.17,90,100,79,18,15,24,28,1.0,2,2,0,0.0,90,100,79,21,12,22,31,1.0,2,2,0,0.0,0,15,35,5,29,42,37,,,0,0,37,15,5,75,24,35,,,0,3,3,270,2,0.67,12,10,83.3,0,3,0,2,66.7,0,0,0,0,,3,3,270,2,0.67,7,5,71.4,0,3,0,2,66.7,0,0,0,0,
Canada,Canada,21,27.4,56.8,4,44,360,4.0,8,3,11,8,0,0,7,0,2.0,0.75,2.75,2.0,2.75,21,27.8,43.3,4,44,360,4.0,3,3,6,3,0,0,5,2,0.75,0.75,1.5,0.75,1.5,70,28,40.0,17.5,7.0,0.11,0.29,22,8,36.4,5.5,2.0,0.14,0.38,90,100,79,24,20,24,36,1.75,9,3,6,1.5,90,100,79,25,18,21,40,1.0,3,9,-6,-1.5,0,48,59,5,117,31,41,,,0,0,59,48,3,27,42,44,,,1,4,4,360,3,0.75,8,5,62.5,2,1,1,2,50.0,0,0,0,0,,4,4,360,9,2.25,25,16,64.0,1,1,2,0,0.0,0,0,0,0,
Colombia,Colombia,20,30.6,60.3,3,33,270,3.0,4,4,8,4,0,0,4,0,1.33,1.33,2.67,1.33,2.67,20,28.5,39.7,3,33,270,3.0,1,0,1,1,0,0,2,0,0.33,0.0,0.33,0.33,0.33,59,19,32.2,19.67,6.33,0.07,0.21,28,5,17.9,9.33,1.67,0.04,0.2,90,100,83,20,13,17,32,2.33,4,1,3,1.0,90,100,83,18,15,25,30,0.33,1,4,-3,-1.0,0,35,34,13,37,21,18,,,0,0,36,33,2,41,25,21,,,0,3,3,270,1,0.33,5,4,80.0,2,1,0,2,66.7,0,0,0,0,,3,3,270,4,1.33,19,15,78.9,0,1,2,1,33.3,0,0,0,0,
Congo DR,Congo DR,21,29.2,40.0,4,44,360,4.0,5,3,8,4,1,1,6,0,1.25,0.75,2.0,1.0,1.75,21,28.1,60.0,4,44,360,4.0,5,5,10,5,0,0,8,0,1.25,1.25,2.5,1.25,2.5,41,9,22.0,10.25,2.25,0.1,0.44,46,18,39.1,11.5,4.5,0.11,0.28,90,100,82,24,20,19,40,1.0,5,5,0,0.0,90,100,82,28,16,22,44,1.75,5,5,0,0.0,0,44,45,9,57,22,41,,,0,0,47,42,11,94,31,37,,,0,4,4,360,5,1.25,19,14,73.7,1,1,2,0,0.0,0,0,0,0,,4,4,360,5,1.25,9,4,44.4,2,1,1,1,25.0,1,1,0,0,0.0
Croatia,Croatia,19,29.4,53.0,3,33,270,3.0,5,5,10,5,0,0,2,0,1.67,1.67,3.33,1.67,3.33,19,28.2,47.0,3,33,270,3.0,5,4,9,4,1,1,2,0,1.67,1.33,3.0,1.33,2.67,24,11,45.8,8.0,3.67,0.21,0.45,36,13,36.1,12.0,4.33,0.11,0.31,90,100,81,19,14,21,31,2.0,5,5,0,0.0,90,100,81,19,14,17,30,1.0,5,5,0,0.0,0,33,41,4,45,16,21,,,0,0,42,33,3,54,21,19,,,0,3,3,270,5,1.67,13,8,61.5,2,0,1,1,33.3,1,1,0,0,0.0,3,3,270,5,1.67,11,6,54.5,1,0,2,0,0.0,0,0,0,0,
Curaçao,Curaçao,22,29.3,32.3,3,33,270,3.0,1,0,1,1,0,0,7,0,0.33,0.0,0.33,0.33,0.33,22,27.1,67.7,3,33,270,3.0,9,8,17,8,1,1,2,0,3.0,2.67,5.67,2.67,5.33,29,7,24.1,9.67,2.33,0.03,0.14,60,30,50.0,20.0,10.0,0.13,0.27,90,100,84,20,13,15,32,0.33,1,9,-8,-2.67,90,100,84,19,14,21,31,2.33,9,1,8,2.67,0,32,31,5,23,39,26,,,0,0,31,30,2,60,29,34,,,0,3,3,270,9,3.0,29,20,69.0,0,1,2,1,33.3,1,1,0,0,0.0,3,3,270,1,0.33,7,6,85.7,2,1,0,2,66.7,0,0,0,0,
Czechia,Czech Republic,21,28.2,42.7,3,33,270,3.0,2,2,4,2,0,0,1,0,0.67,0.67,1.33,0.67,1.33,21,27.6,57.3,3,33,270,3.0,6,5,11,5,1,1,4,0,2.0,1.67,3.67,1.67,3.33,34,8,23.5,11.33,2.67,0.06,0.25,43,15,34.9,14.33,5.0,0.12,0.33,90,100,80,20,14,22,29,0.33,2,6,-4,-1.33,90,100,80,20,13,20,30,2.33,6,2,4,1.33,0,37,31,5,57,19,19,,,0,0,32,35,5,42,27,23,,,0,3,3,270,6,2.0,15,9,60.0,0,1,2,0,0.0,1,1,0,0,0.0,3,3,270,2,0.67,8,6,75.0,2,1,0,1,33.3,0,0,0,0,
Côte d'Ivoire,Côte d'Ivoire,22,25.9,49.8,4,44,360,4.0,5,4,9,5,0,0,4,0,1.25,1.0,2.25,1.25,2.25,22,28.1,50.3,4,44,360,4.0,4,4,8,4,0,0,4,0,1.0,1.0,2.0,1.0,2.0,45,14,31.1,11.25,3.5,0.11,0.36,48,14,29.2,12.0,3.5,0.08,0.29,90,100,82,24,20,18,40,1.5,5,4,1,0.25,90,100,82,27,17,21,43,1.5,4,5,-1,-0.25,0,29,36,4,61,40,48,,,0,0,36,25,4,60,41,54,,,0,4,4,360,4,1.0,13,9,69.2,2,0,2,2,50.0,0,0,0,0,,4,4,360,5,1.25,14,9,64.3,2,0,2,0,0.0,0,0,0,0,
Ecuador,Ecuador,21,27.2,55.8,4,44,360,4.0,2,2,4,2,0,0,8,1,0.5,0.5,1.0,0.5,1.0,21,28.2,44.3,4,44,360,4.0,4,4,8,4,0,0,9,0,1.0,1.0,2.0,1.0,2.0,53,20,37.7,13.25,5.0,0.04,0.1,51,13,25.5,12.75,3.25,0.08,0.31,90,100,81,25,18,23,42,1.0,2,4,-2,-0.5,90,100,81,24,20,20,38,1.75,4,2,2,0.5,0,49,38,2,83,38,49,,,0,0,40,48,2,31,30,34,,,0,4,4,360,4,1.0,13,9,69.2,1,1,2,1,25.0,0,0,0,0,,4,4,360,2,0.5,20,18,90.0,2,1,1,3,75.0,0,0,0,0,
Egypt,Egypt,20,29.7,54.3,3,33,270,3.0,5,5,10,5,0,0,6,0,1.67,1.67,3.33,1.67,3.33,20,30.1,45.7,3,33,270,3.0,2,1,3,2,0,1,8,0,0.67,0.33,1.0,0.67,1.0,48,13,27.1,16.0,4.33,0.1,0.38,39,12,30.8,13.0,4.0,0.05,0.17,90,100,79,18,16,23,27,1.67,5,3,2,0.67,90,100,79,20,13,19,31,0.67,3,5,-2,-0.67,0,34,42,1,50,26,40,,,1,0,45,33,6,41,23,32,,,0,3,3,270,3,1.0,11,8,72.7,1,2,0,0,0.0,1,0,1,0,100.0,3,3,270,5,1.67,13,8,61.5,0,2,1,0,0.0,0,0,0,0,
England,England,20,26.8,64.5,4,44,360,4.0,8,7,15,7,1,1,3,0,2.0,1.75,3.75,1.75,3.5,20,28.4,35.5,4,44,360,4.0,3,3,6,3,0,0,4,0,0.75,0.75,1.5,0.75,1.5,74,27,36.5,18.5,6.75,0.09,0.26,32,10,31.3,8.0,2.5,0.09,0.3,90,100,82,25,19,18,39,2.5,8,3,5,1.25,90,100,82,26,19,17,41,0.25,3,8,-5,-1.25,0,47,64,6,111,20,38,,,0,0,64,45,11,40,24,42,,,0,4,4,360,3,0.75,9,6,66.7,3,1,0,2,50.0,0,0,0,0,,4,4,360,8,2.0,27,19,70.4,0,1,3,1,25.0,1,1,0,0,0.0
France,France,21,27.3,57.0,4,44,360,4.0,13,12,25,13,0,0,1,0,3.25,3.0,6.25,3.25,6.25,21,26.9,43.0,4,44,360,4.0,2,2,4,2,0,1,2,0,0.5,0.5,1.0,0.5,1.0,73,34,46.6,18.25,8.5,0.18,0.38,28,9,32.1,7.0,2.25,0.07,0.22,90,100,85,27,17,12,43,3.0,13,2,11,2.75,90,100,85,24,20,21,39,0.0,2,13,-11,-2.75,0,38,29,7,48,28,43,,,0,0,32,36,5,37,44,38,,,0,4,4,360,2,0.5,9,7,77.8,4,0,0,2,50.0,1,0,1,0,100.0,4,4,360,13,3.25,34,21,61.8,0,0,4,0,0.0,0,0,0,0,
Germany,Germany,23,28.5,65.0,4,44,390,4.3,11,10,21,10,1,1,3,0,2.54,2.31,4.85,2.31,4.62,23,27.6,35.0,4,44,390,4.3,5,3,8,5,0,0,6,0,1.15,0.69,1.85,1.15,1.85,74,28,37.8,17.08,6.46,0.14,0.36,31,10,32.3,7.15,2.31,0.16,0.5,98,100,84,23,21,29,36,1.75,11,5,6,1.38,98,100,84,25,19,23,40,1.0,5,11,-6,-1.38,0,51,42,4,105,25,53,,,0,0,45,50,3,49,54,55,,,0,4,4,390,5,1.15,10,5,50.0,2,0,2,0,0.0,0,0,0,0,,4,4,390,11,2.54,28,17,60.7,2,0,2,0,0.0,1,1,0,0,0.0
Ghana,Ghana,21,27.6,35.3,3,33,270,3.0,2,1,3,2,0,0,3,0,0.67,0.33,1.0,0.67,1.0,21,28.7,64.7,3,33,270,3.0,2,2,4,2,0,0,4,0,0.67,0.67,1.33,0.67,1.33,16,4,25.0,5.33,1.33,0.13,0.5,38,11,28.9,12.67,3.67,0.05,0.18,90,100,80,20,14,23,30,1.33,2,2,0,0.0,90,100,80,20,13,16,32,1.33,2,2,0,0.0,0,46,33,8,33,26,33,,,0,0,34,46,4,66,10,26,,,0,3,3,270,2,0.67,11,9,81.8,1,1,1,2,66.7,0,0,0,0,,3,3,270,2,0.67,4,2,50.0,1,1,1,1,33.3,0,0,0,0,
Haiti,Haiti,18,29.0,42.7,3,33,270,3.0,1,1,2,1,0,0,7,0,0.33,0.33,0.67,0.33,0.67,18,28.6,57.3,3,33,270,3.0,8,5,13,8,0,0,4,0,2.67,1.67,4.33,2.67,4.33,31,7,22.6,10.33,2.33,0.03,0.14,39,18,46.2,13.0,6.0,0.21,0.44,90,100,82,20,13,21,32,0.0,2,8,-6,-2.0,90,100,82,18,15,18,29,3.0,8,2,6,2.0,0,55,44,7,37,29,28,,,0,0,44,53,14,45,23,26,,,1,3,3,270,8,2.67,19,11,57.9,0,0,3,0,0.0,0,0,0,0,,3,3,270,2,0.67,8,6,75.0,3,0,0,2,66.7,0,0,0,0,
IR Iran,Iran,20,32.1,39.0,3,33,270,3.0,3,1,4,3,0,1,6,0,1.0,0.33,1.33,1.0,1.33,20,29.7,61.0,3,33,270,3.0,3,3,6,3,0,0,4,1,1.0,1.0,2.0,1.0,2.0,37,11,29.7,12.33,3.67,0.08,0.27,52,18,34.6,17.33,6.0,0.06,0.17,90,100,81,21,12,25,33,1.0,3,3,0,0.0,90,100,81,17,15,27,25,1.0,3,3,0,0.0,0,35,23,9,37,32,36,,,0,0,26,33,3,59,23,27,,,0,3,3,270,3,1.0,18,15,83.3,0,3,0,1,33.3,0,0,0,0,,3,3,270,3,1.0,9,6,66.7,0,3,0,1,33.3,1,0,1,0,100.0
Iraq,Iraq,25,26.9,38.3,3,33,270,3.0,1,1,2,1,0,0,4,1,0.33,0.33,0.67,0.33,0.67,25,28.2,61.7,3,33,270,3.0,11,10,21,11,0,0,2,0,3.67,3.33,7.0,3.67,7.0,21,2,9.5,7.0,0.67,0.05,0.5,59,22,37.3,19.67,7.33,0.19,0.5,90,100,73,17,15,33,30,0.0,1,12,-11,-3.67,90,100,73,18,15,19,29,3.0,12,1,11,3.67,0,27,31,1,28,23,35,,,1,0,31,25,2,56,10,28,,,0,3,3,270,12,4.0,23,11,47.8,0,0,3,0,0.0,0,0,0,0,,3,3,270,1,0.33,2,1,50.0,3,0,0,2,66.7,0,0,0,0,
Japan,Japan,24,27.9,46.3,4,44,360,4.0,8,7,15,8,0,0,4,0,2.0,1.75,3.75,2.0,3.75,24,27.7,53.8,4,44,360,4.0,5,5,10,5,0,0,7,0,1.25,1.25,2.5,1.25,2.5,34,13,38.2,8.5,3.25,0.24,0.62,42,18,42.9,10.5,4.5,0.12,0.28,90,100,82,24,20,18,37,1.25,8,5,3,0.75,90,100,82,25,19,19,40,1.25,5,8,-3,-0.75,0,55,30,4,57,19,32,,,0,0,30,50,5,87,35,32,,,0,4,4,360,5,1.25,17,12,70.6,1,2,1,1,25.0,0,0,0,0,,4,4,360,8,2.0,13,5,38.5,1,2,1,0,0.0,0,0,0,0,
Jordan,Jordan,20,28.7,30.7,3,33,270,3.0,3,3,6,3,0,0,4,0,1.0,1.0,2.0,1.0,2.0,20,28.9,69.3,3,33,270,3.0,7,2,9,5,2,2,2,0,2.33,0.67,3.0,1.67,2.33,24,9,37.5,8.0,3.0,0.13,0.33,40,16,40.0,13.33,5.33,0.13,0.31,90,100,85,18,15,12,30,0.0,3,8,-5,-1.67,90,100,85,18,15,26,29,3.0,8,3,5,1.67,0,31,21,3,27,33,31,,,1,0,25,29,6,43,37,31,,,0,3,3,270,8,2.67,16,8,50.0,0,0,3,0,0.0,2,2,0,0,0.0,3,3,270,3,1.0,9,6,66.7,3,0,0,0,0.0,0,0,0,0,
Korea Republic,Korea Republic,20,28.6,63.0,3,33,270,3.0,2,2,4,2,0,0,4,0,0.67,0.67,1.33,0.67,1.33,20,27.7,37.0,3,33,270,3.0,3,2,5,3,0,0,1,0,1.0,0.67,1.67,1.0,1.67,32,11,34.4,10.67,3.67,0.06,0.18,28,12,42.9,9.33,4.0,0.11,0.25,90,100,78,18,15,26,30,1.0,2,3,-1,-0.33,90,100,78,21,12,18,30,2.0,3,2,1,0.33,0,25,31,8,54,20,23,,,0,0,32,25,8,28,29,20,,,0,3,3,270,3,1.0,12,9,75.0,1,0,2,0,0.0,0,0,0,0,,3,3,270,2,0.67,10,8,80.0,2,0,1,2,66.7,0,0,0,0,
Mexico,Mexico,25,28.0,48.5,4,44,360,4.0,8,7,15,8,0,0,2,1,2.0,1.75,3.75,2.0,3.75,25,27.9,51.5,4,44,360,4.0,0,0,0,0,0,0,7,3,0.0,0.0,0.0,0.0,0.0,50,16,32.0,12.5,4.0,0.16,0.5,32,6,18.8,8.0,1.5,0.0,0.0,90,100,82,23,20,18,39,3.0,8,0,8,2.0,90,100,82,24,19,24,40,0.0,0,8,-8,-2.0,0,44,41,4,37,29,26,,,0,0,41,41,9,68,21,33,,,0,4,4,360,0,0.0,6,6,100.0,4,0,0,4,100.0,0,0,0,0,,4,4,360,8,2.0,16,8,50.0,0,0,4,0,0.0,0,0,0,0,
Morocco,Morocco,20,26.3,61.8,4,44,390,4.3,7,6,13,7,0,0,2,0,1.62,1.38,3.0,1.62,3.0,20,28.9,38.3,4,44,390,4.3,3,3,6,3,0,0,6,0,0.69,0.69,1.38,0.69,1.38,59,21,35.6,13.62,4.85,0.12,0.33,33,9,27.3,7.62,2.08,0.09,0.33,98,100,89,25,19,20,41,2.0,7,4,3,0.69,98,100,89,23,21,24,38,0.5,4,7,-3,-0.69,0,47,59,6,65,26,46,,,1,0,63,46,4,42,39,44,,,0,4,4,390,4,0.92,10,6,60.0,3,1,0,1,25.0,0,0,0,0,,4,4,390,7,1.62,23,16,69.6,0,1,3,0,0.0,0,0,0,0,
Netherlands,Netherlands,22,27.6,53.3,4,44,390,4.3,10,10,20,10,0,0,3,0,2.31,2.31,4.62,2.31,4.62,22,27.5,46.8,4,44,390,4.3,5,5,10,5,0,0,4,0,1.15,1.15,2.31,1.15,2.31,46,22,47.8,10.62,5.08,0.22,0.45,47,20,42.6,10.85,4.62,0.11,0.25,98,100,87,23,21,23,38,2.0,11,5,6,1.38,98,100,87,24,20,24,38,0.5,5,11,-6,-1.38,0,44,43,8,74,36,27,,,0,0,45,40,5,75,28,42,,,1,4,4,390,5,1.15,21,16,76.2,2,1,1,0,0.0,0,0,0,0,,4,4,390,11,2.54,22,11,50.0,1,1,2,0,0.0,0,0,0,0,
New Zealand,New Zealand,17,28.5,47.0,3,33,270,3.0,4,3,7,4,0,0,4,0,1.33,1.0,2.33,1.33,2.33,17,30.4,53.0,3,33,270,3.0,10,7,17,10,0,0,2,0,3.33,2.33,5.67,3.33,5.67,31,15,48.4,10.33,5.0,0.13,0.27,71,21,29.6,23.67,7.0,0.14,0.48,90,100,81,18,15,19,29,0.33,4,10,-6,-2.0,90,100,81,19,15,20,28,2.33,10,4,6,2.0,0,32,24,4,44,24,21,,,0,0,25,31,3,57,28,31,,,0,3,3,270,10,3.33,21,11,52.4,0,1,2,0,0.0,0,0,0,0,,3,3,270,4,1.33,15,11,73.3,2,1,0,0,0.0,0,0,0,0,
Norway,Norway,25,27.4,49.8,4,44,360,4.0,9,7,16,9,0,1,2,0,2.25,1.75,4.0,2.25,4.0,25,27.2,50.3,4,44,360,4.0,8,8,16,8,0,0,2,0,2.0,2.0,4.0,2.0,4.0,44,20,45.5,11.0,5.0,0.2,0.45,59,19,32.2,14.75,4.75,0.14,0.42,90,100,81,26,18,23,42,2.25,10,8,2,0.5,90,100,81,24,20,20,40,0.75,8,10,-2,-0.5,0,42,29,3,46,30,44,,,0,0,34,41,9,74,30,51,,,1,4,4,360,8,2.0,19,11,57.9,3,0,1,0,0.0,0,0,0,0,,4,4,360,10,2.5,18,8,44.4,1,0,3,0,0.0,1,0,1,0,100.0
Panama,Panama,20,29.2,45.7,3,33,270,3.0,0,0,0,0,0,0,5,0,0.0,0.0,0.0,0.0,0.0,20,27.7,54.3,3,33,270,3.0,4,3,7,4,0,0,3,0,1.33,1.0,2.33,1.33,2.33,32,7,21.9,10.67,2.33,0.0,0.0,31,10,32.3,10.33,3.33,0.13,0.4,90,100,84,20,13,15,32,0.0,0,4,-4,-1.33,90,100,84,18,15,24,28,3.0,4,0,4,1.33,0,46,33,6,59,15,27,,,0,0,34,45,10,58,18,32,,,0,3,3,270,4,1.33,11,7,63.6,0,0,3,0,0.0,0,0,0,0,,3,3,270,0,0.0,7,7,100.0,3,0,0,3,100.0,0,0,0,0,
Paraguay,Paraguay,24,28.3,31.5,4,44,390,4.3,3,3,6,3,0,0,9,1,0.69,0.69,1.38,0.69,1.38,24,27.4,68.5,4,44,390,4.3,4,4,8,4,0,0,7,0,0.92,0.92,1.85,0.92,1.85,30,8,26.7,6.92,1.85,0.1,0.38,81,22,27.2,18.69,5.08,0.05,0.18,98,100,86,22,21,22,37,1.25,3,5,-2,-0.46,98,100,86,26,18,28,39,1.25,5,3,2,0.46,0,53,49,5,39,39,68,,,1,0,51,52,8,128,28,40,,,0,4,4,390,5,1.15,24,19,79.2,2,1,1,2,50.0,0,0,0,0,,4,4,390,3,0.69,8,5,62.5,1,1,2,1,25.0,0,0,0,0,
Portugal,Portugal,22,28.1,62.0,3,33,270,3.0,5,3,8,5,0,0,4,0,1.67,1.0,2.67,1.67,2.67,22,29.2,38.0,3,33,270,3.0,1,1,2,1,0,0,3,0,0.33,0.33,0.67,0.33,0.67,37,12,32.4,12.33,4.0,0.14,0.42,39,10,25.6,13.0,3.33,0.03,0.1,90,100,79,19,14,26,31,1.67,6,1,5,1.67,90,100,79,18,15,19,30,0.67,1,6,-5,-1.67,0,29,36,7,59,18,21,,,0,0,37,28,7,27,24,33,,,1,3,3,270,1,0.33,10,9,90.0,1,2,0,2,66.7,0,0,0,0,,3,3,270,6,2.0,12,6,50.0,0,2,1,1,33.3,0,0,0,0,
Qatar,Qatar,22,30.1,33.0,3,33,270,3.0,2,2,4,2,0,0,4,2,0.67,0.67,1.33,0.67,1.33,22,28.3,67.0,3,33,270,3.0,8,3,11,7,1,1,3,0,2.67,1.0,3.67,2.33,3.33,18,7,38.9,6.0,2.33,0.11,0.29,72,22,30.6,24.0,7.33,0.1,0.32,90,100,75,17,15,27,28,0.33,2,10,-8,-2.67,90,100,75,18,15,23,28,2.33,10,2,8,2.67,0,36,28,4,28,25,24,,,2,0,29,36,3,112,17,20,,,0,3,3,270,10,3.33,22,12,54.5,0,1,2,0,0.0,1,1,0,0,0.0,3,3,270,2,0.67,7,5,71.4,2,1,0,1,33.3,0,0,0,0,
Saudi Arabia,Saudi Arabia,18,29.0,38.3,3,33,270,3.0,1,0,1,1,0,0,6,0,0.33,0.0,0.33,0.33,0.33,18,28.9,61.7,3,33,270,3.0,4,3,7,4,0,0,1,0,1.33,1.0,2.33,1.33,2.33,17,7,41.2,5.67,2.33,0.06,0.14,64,20,31.3,21.33,6.67,0.06,0.2,90,100,79,18,15,24,30,0.67,1,5,-4,-1.33,90,100,79,18,15,26,26,1.67,5,1,4,1.33,0,29,26,3,22,29,36,,,1,0,26,27,10,90,39,22,,,0,3,3,270,5,1.67,21,16,76.2,0,2,1,1,33.3,0,0,0,0,,3,3,270,1,0.33,7,6,85.7,1,2,0,2,66.7,0,0,0,0,
Scotland,Scotland,20,29.6,44.3,3,33,270,3.0,1,0,1,1,0,0,5,0,0.33,0.0,0.33,0.33,0.33,20,28.3,55.7,3,33,270,3.0,4,4,8,4,0,0,4,0,1.33,1.33,2.67,1.33,2.67,29,7,24.1,9.67,2.33,0.03,0.14,48,13,27.1,16.0,4.33,0.08,0.31,90,100,84,18,15,14,30,1.0,1,4,-3,-1.0,90,100,84,21,12,13,32,2.0,4,1,3,1.0,0,42,39,2,50,17,25,,,0,0,42,41,4,45,24,18,,,0,3,3,270,4,1.33,12,8,66.7,1,0,2,1,33.3,0,0,0,0,,3,3,270,1,0.33,7,6,85.7,2,0,1,2,66.7,0,0,0,0,
Senegal,Senegal,22,28.9,55.3,4,44,390,4.3,10,9,19,10,0,0,3,0,2.31,2.08,4.38,2.31,4.38,22,28.3,44.8,4,44,390,4.3,9,6,15,8,1,1,4,1,2.08,1.38,3.46,1.85,3.23,69,23,33.3,15.92,5.31,0.14,0.43,49,21,42.9,11.31,4.85,0.16,0.38,98,100,84,23,21,27,37,0.75,10,9,1,0.23,98,100,84,25,18,39,41,2.25,9,10,-1,-0.23,0,36,48,10,79,31,29,,,0,0,51,34,3,51,30,42,,,0,4,4,390,9,2.08,21,12,57.1,1,0,3,1,25.0,1,1,0,0,0.0,4,4,390,10,2.31,24,14,58.3,3,0,1,0,0.0,0,0,0,0,
South Africa,South Africa,19,27.1,48.0,4,44,360,4.0,2,1,3,1,1,1,5,2,0.5,0.25,0.75,0.25,0.5,19,28.1,52.0,4,44,360,4.0,4,3,7,4,0,0,5,1,1.0,0.75,1.75,1.0,1.75,39,11,28.2,9.75,2.75,0.03,0.09,50,17,34.0,12.5,4.25,0.08,0.24,90,100,83,30,13,21,42,1.0,2,4,-2,-0.5,90,100,83,23,20,26,38,1.75,4,2,2,0.5,0,38,46,8,41,47,38,,,0,0,49,38,3,73,29,34,,,0,4,4,360,4,1.0,15,11,73.3,1,1,2,1,25.0,0,0,0,0,,4,4,360,2,0.5,11,9,81.8,2,1,1,2,50.0,1,1,0,0,0.0
Spain,Spain,18,27.0,69.3,3,33,270,3.0,4,4,8,4,0,0,2,0,1.33,1.33,2.67,1.33,2.67,18,29.8,30.7,3,33,270,3.0,0,0,0,0,0,0,6,1,0.0,0.0,0.0,0.0,0.0,55,16,29.1,18.33,5.33,0.07,0.25,14,3,21.4,4.67,1.0,0.0,0.0,90,100,80,19,14,24,31,2.33,5,0,5,1.67,90,100,80,18,14,30,31,0.33,0,5,-5,-1.67,0,34,15,6,73,31,30,,,0,0,17,33,11,25,42,37,,,1,3,3,270,0,0.0,4,3,100.0,2,1,0,3,100.0,0,0,0,0,,3,3,270,5,1.67,17,12,70.6,0,1,2,1,33.3,0,0,0,0,
Sweden,Sweden,22,27.1,46.3,4,44,360,4.0,7,6,13,7,0,0,5,0,1.75,1.5,3.25,1.75,3.25,22,27.7,53.8,4,44,360,4.0,10,10,20,10,0,0,2,0,2.5,2.5,5.0,2.5,5.0,48,23,47.9,12.0,5.75,0.15,0.3,49,24,49.0,12.25,6.0,0.2,0.42,90,100,82,24,20,17,39,1.0,7,10,-3,-0.75,90,100,82,24,20,20,38,1.75,10,7,3,0.75,0,43,49,9,59,31,30,,,0,0,51,39,15,57,22,34,,,0,4,4,360,10,2.5,24,14,58.3,1,1,2,0,0.0,0,0,0,0,,4,4,360,7,1.75,22,15,68.2,2,1,1,1,25.0,0,0,0,0,
Switzerland,Switzerland,21,29.9,61.7,3,33,270,3.0,7,4,11,5,2,2,3,0,2.33,1.33,3.67,1.67,3.0,21,28.1,38.3,3,33,270,3.0,3,2,5,3,0,0,6,1,1.0,0.67,1.67,1.0,1.67,45,18,40.0,15.0,6.0,0.11,0.28,25,14,56.0,8.33,4.67,0.12,0.21,90,100,84,18,15,13,28,2.33,7,3,4,1.33,90,100,84,17,15,20,28,0.33,3,7,-4,-1.33,0,37,42,5,63,16,27,,,0,0,43,37,4,46,35,18,,,0,3,3,270,3,1.0,14,11,78.6,2,1,0,0,0.0,0,0,0,0,,3,3,270,7,2.33,17,10,58.8,0,1,2,0,0.0,2,2,0,0,0.0
Tunisia,Tunisia,20,27.9,39.3,3,33,270,3.0,2,2,4,2,0,0,1,0,0.67,0.67,1.33,0.67,1.33,20,27.9,60.7,3,33,270,3.0,11,10,21,11,0,0,0,0,3.67,3.33,7.0,3.67,7.0,18,6,33.3,6.0,2.0,0.11,0.33,44,19,43.2,14.67,6.33,0.25,0.58,90,100,82,18,15,18,28,0.0,2,12,-10,-3.33,90,100,82,18,15,14,28,3.0,12,2,10,3.33,0,27,32,9,36,27,36,,,1,0,35,27,5,51,24,25,,,0,3,3,270,12,4.0,18,6,33.3,0,0,3,0,0.0,0,0,0,0,,3,3,270,2,0.67,6,4,66.7,3,0,0,1,33.3,0,0,0,0,
Türkiye,Turkey,23,27.0,66.3,3,33,270,3.0,3,3,6,3,0,0,2,0,1.0,1.0,2.0,1.0,2.0,23,26.6,33.7,3,33,270,3.0,5,3,8,5,0,0,2,1,1.67,1.0,2.67,1.67,2.67,71,16,22.5,23.67,5.33,0.04,0.19,34,13,38.2,11.33,4.33,0.15,0.38,90,100,82,18,15,17,30,1.0,3,5,-2,-0.67,90,100,82,17,15,16,29,2.0,5,3,2,0.67,0,31,38,7,79,18,39,,,0,0,40,30,9,38,26,29,,,0,3,3,270,5,1.67,13,8,61.5,1,0,2,0,0.0,0,0,0,0,,3,3,270,3,1.0,16,13,81.3,2,0,1,2,66.7,0,0,0,0,
United States,United States,23,27.1,57.0,4,44,360,4.0,8,4,12,8,0,0,5,1,2.0,1.0,3.0,2.0,3.0,23,27.0,43.0,4,44,360,4.0,4,4,8,4,0,0,11,0,1.0,1.0,2.0,1.0,2.0,52,17,32.7,13.0,4.25,0.15,0.47,33,9,27.3,8.25,2.25,0.12,0.44,90,100,84,26,17,13,39,2.25,10,4,6,1.5,90,100,84,24,20,23,40,0.75,4,10,-6,-1.5,0,45,57,11,63,51,32,,,0,0,59,42,3,48,32,58,,,2,4,4,360,4,1.0,9,5,55.6,3,0,1,2,50.0,0,0,0,0,,4,4,360,10,2.5,19,9,47.4,1,0,3,0,0.0,0,0,0,0,
Uruguay,Uruguay,17,29.0,55.0,3,33,270,3.0,3,1,4,3,0,0,5,1,1.0,0.33,1.33,1.0,1.33,17,29.1,45.0,3,33,270,3.0,4,1,5,4,0,0,4,0,1.33,0.33,1.67,1.33,1.67,49,13,26.5,16.33,4.33,0.06,0.23,25,8,32.0,8.33,2.67,0.16,0.5,90,100,80,20,12,27,29,0.67,3,4,-1,-0.33,90,100,80,18,15,20,30,1.67,4,3,1,0.33,0,31,29,14,92,32,25,,,0,0,29,30,2,26,29,34,,,0,3,3,270,4,1.33,8,4,50.0,0,2,1,0,0.0,0,0,0,0,,3,3,270,3,1.0,14,10,78.6,1,2,0,1,33.3,0,0,0,0,
Uzbekistan,Uzbekistan,23,27.4,38.3,3,33,270,3.0,2,1,3,2,0,0,4,0,0.67,0.33,1.0,0.67,1.0,23,29.2,61.7,3,33,270,3.0,10,6,16,9,1,1,5,0,3.33,2.0,5.33,3.0,5.0,18,5,27.8,6.0,1.67,0.11,0.4,51,17,33.3,17.0,5.67,0.18,0.53,90,100,80,18,15,22,30,0.0,2,11,-9,-3.0,90,100,80,18,15,19,30,3.0,11,2,9,3.0,0,45,29,3,37,33,39,,,1,0,31,43,8,58,18,28,,,0,3,3,270,11,3.67,17,6,35.3,0,0,3,0,0.0,1,1,0,0,0.0,3,3,270,2,0.67,6,4,66.7,3,0,0,1,33.3,0,0,0,0,
